<?xml version="1.0" encoding="UTF-8"?>
<project-private xmlns="http://www.netbeans.org/ns/project-private/1">
    <editor-bookmarks xmlns="http://www.netbeans.org/ns/editor-bookmarks/2" lastBookmarkId="0"/>
    <open-files xmlns="http://www.netbeans.org/ns/projectui-open-files/2">
        <group>
            <file>file:/F:/Sanyi/gamf/java/GamfJavaGyakorlat/gyak2/02/src/hu/gamf/javagyakorlat/Szemely.java</file>
            <file>file:/F:/Sanyi/gamf/java/GamfJavaGyakorlat/gyak2/02/src/hu/gamf/javagyakorlat/AdatBazisKezelo.java</file>
            <file>file:/F:/Sanyi/gamf/java/GamfJavaGyakorlat/gyak2/02/src/hu/gamf/javagyakorlat/GamfJavaGyakorlat.java</file>
            <file>file:/F:/Sanyi/gamf/java/GamfJavaGyakorlat/gyak2/02/src/hu/gamf/javagyakorlat/Szamitas.java</file>
            <file>file:/F:/Sanyi/gamf/java/GamfJavaGyakorlat/gyak2/02/src/hu/gamf/javagyakorlat/SzamitasService.java</file>
        </group>
    </open-files>
</project-private>
